-- phpMyAdmin SQL Dump
-- version 4.9.0.1
-- https://www.phpmyadmin.net/
--
-- Servidor: 127.0.0.1:3306
-- Tiempo de generación: 11-11-2019 a las 06:31:39
-- Versión del servidor: 10.3.17-MariaDB
-- Versión de PHP: 7.2.22

SET SQL_MODE = "NO_AUTO_VALUE_ON_ZERO";
SET AUTOCOMMIT = 0;
START TRANSACTION;
SET time_zone = "+00:00";


/*!40101 SET @OLD_CHARACTER_SET_CLIENT=@@CHARACTER_SET_CLIENT */;
/*!40101 SET @OLD_CHARACTER_SET_RESULTS=@@CHARACTER_SET_RESULTS */;
/*!40101 SET @OLD_COLLATION_CONNECTION=@@COLLATION_CONNECTION */;
/*!40101 SET NAMES utf8mb4 */;

--
-- Base de datos: `paysystem`
--

-- --------------------------------------------------------

--
-- Estructura de tabla para la tabla `branch`
--

CREATE TABLE `branch` (
  `id` int(255) NOT NULL,
  `branch` varchar(255) NOT NULL,
  `address` text NOT NULL,
  `detail` text NOT NULL,
  `delete_status` enum('0','1') NOT NULL DEFAULT '0'
) ENGINE=InnoDB DEFAULT CHARSET=latin1;

--
-- Volcado de datos para la tabla `branch`
--

INSERT INTO `branch` (`id`, `branch`, `address`, `detail`, `delete_status`) VALUES
(1, '8vo Año de Educación Básica', 'A', '', '0'),
(2, '9no Año de Educación Básica', 'A', '', '1'),
(3, '10mo Año de Educación Básica', 'A', '', '0'),
(4, '4to Bachillerato General Unificado', 'A', '', '1'),
(5, '5to Bachillerato General Unificado', 'A', '', '0'),
(6, '6to Bachillerato General Unificado', 'A', '', '1');

-- --------------------------------------------------------

--
-- Estructura de tabla para la tabla `fees_transaction`
--

CREATE TABLE `fees_transaction` (
  `id` int(255) NOT NULL,
  `stdid` varchar(255) NOT NULL,
  `paid` int(255) NOT NULL,
  `submitdate` datetime NOT NULL,
  `transcation_remark` text NOT NULL
) ENGINE=InnoDB DEFAULT CHARSET=latin1;

--
-- Volcado de datos para la tabla `fees_transaction`
--

INSERT INTO `fees_transaction` (`id`, `stdid`, `paid`, `submitdate`, `transcation_remark`) VALUES
(1, '1', 0, '2019-09-30 00:00:00', '0'),
(2, '1', 100, '2019-10-01 00:00:00', '0'),
(3, '1', 90, '2019-11-05 00:00:00', '0');

-- --------------------------------------------------------

--
-- Estructura de tabla para la tabla `student`
--

CREATE TABLE `student` (
  `id` int(255) NOT NULL,
  `emailid` varchar(255) NOT NULL,
  `sname` varchar(255) NOT NULL,
  `joindate` datetime NOT NULL,
  `about` text NOT NULL,
  `contact` varchar(255) NOT NULL,
  `fees` int(255) NOT NULL,
  `pension` int(255) NOT NULL,
  `matricula` int(255) NOT NULL,
  `branch` varchar(255) NOT NULL,
  `balance` int(255) NOT NULL,
  `delete_status` enum('0','1') NOT NULL DEFAULT '0'
) ENGINE=InnoDB DEFAULT CHARSET=latin1;

--
-- Volcado de datos para la tabla `student`
--

INSERT INTO `student` (`id`, `emailid`, `sname`, `joindate`, `about`, `contact`, `fees`, `pension`, `matricula`, `branch`, `balance`, `delete_status`) VALUES

(1, '', 'ADRIANA PAOLA CUJAR ALARCON', '2019-10-01 00:00:00', '', '948342752', 435, 35, 40, '1', 435, '0'),
(2, '', 'ADRIANA GIRALDO GOMEZ', '2019-10-01 00:00:00', '', '947495857', 435, 35, 40, '2', 435, '0'),
(3, '', 'ADRIANA MARCELA SALCEDO SEGURA', '2019-10-01 00:00:00', '', '971716953', 435, 35, 40, '1', 435, '0'),
(4, '', 'ALEXANDER  DUARTE SANDOVAL', '2019-10-01 00:00:00', '', '925833689', 435, 35, 40, '2', 435, '0'),
(5, '', 'ALCIRA SANTANILLA CARVAJAL', '2019-10-01 00:00:00', '', '990664778', 435, 35, 40, '3', 435, '0'),
(6, '', 'AMPARO MONTOYA MONTOYA', '2019-10-01 00:00:00', '', '951543242', 435, 35, 40, '2', 435, '0'),
(7, '', 'ANA MARIA LOZANO SANTOS', '2019-10-01 00:00:00', '', '907733788', 435, 35, 40, '6', 435, '0'),
(8, '', 'ANDREA ARIZA ZAMBRANO', '2019-10-01 00:00:00', '', '919634303', 435, 35, 40, '2', 435, '0'),
(9, '', 'ANDREA CAROLINA ACUÑA MENDOZA', '2019-10-01 00:00:00', '', '970404961', 435, 35, 40, '5', 435, '0'),
(10, '', 'ANDREA DEL PILAR CORTES BARRETO', '2019-10-01 00:00:00', '', '916429847', 435, 35, 40, '3', 435, '0'),
(11, '', 'ANDREA DEL PILAR GUZMAN ROJAS', '2019-10-01 00:00:00', '', '904070367', 435, 35, 40, '6', 435, '0'),
(12, '', 'ANDREA PAOLA GUTIERREZ ROMERO', '2019-10-01 00:00:00', '', '957348788', 435, 35, 40, '2', 435, '0'),
(13, '', 'ANDREA LILIANA SAMPER MARTINEZ', '2019-10-01 00:00:00', '', '920806945', 435, 35, 40, '3', 435, '0'),
(14, '', 'ANDREA MARCELA BARRAGAN GARCIA', '2019-10-01 00:00:00', '', '928179384', 435, 35, 40, '5', 435, '0'),
(15, '', 'ANDREA YOHANNA PINZON YEPES', '2019-10-01 00:00:00', '', '985187141', 435, 35, 40, '3', 435, '0'),
(16, '', 'AMELIA PEREZ TABARES', '2019-10-01 00:00:00', '', '960039441', 435, 35, 40, '5', 435, '0'),
(17, '', 'ALEJANDRA MARIA AGUDELO SUAREZ', '2019-10-01 00:00:00', '', '923933781', 435, 35, 40, '2', 435, '0'),
(18, '', 'ALVARO CALDERON ARTUNDUAGA', '2019-10-01 00:00:00', '', '984300307', 435, 35, 40, '2', 435, '0'),
(19, '', 'AYDA CATALINA PULIDO CHAPARRO', '2019-10-01 00:00:00', '', '907318811', 435, 35, 40, '6', 435, '0'),
(20, '', 'BERTHA XIMENA PATRICIA BARBOSA', '2019-10-01 00:00:00', '', '905274299', 435, 35, 40, '5', 435, '0'),
(21, '', 'BETSABE BAUTISTA VARGAS', '2019-10-01 00:00:00', '', '968236540', 435, 35, 40, '1', 435, '0'),
(22, '', 'CAMILO ALEXANDER BOLIVAR FORERO', '2019-10-01 00:00:00', '', '976507586', 435, 35, 40, '5', 435, '0'),
(23, '', 'CAROLINA ISAZA RAMIREZ ', '2019-10-01 00:00:00', '', '906734773', 435, 35, 40, '6', 435, '0'),
(24, '', 'CESAR AUGUSTO RAMIREZ LAVERDE', '2019-10-01 00:00:00', '', '970127772', 435, 35, 40, '6', 435, '0'),
(25, '', 'CELMIRA PATRICIA ARROYAVE CORREDOR', '2019-10-01 00:00:00', '', '999392554', 435, 35, 40, '4', 435, '0'),
(26, '', 'CLAUDIA MARCELA NAVARRETE CORTES', '2019-10-01 00:00:00', '', '971643291', 435, 35, 40, '1', 435, '0'),
(27, '', 'CLAUDIA MARCELAS LOZADA ARAGON', '2019-10-01 00:00:00', '', '922672594', 435, 35, 40, '1', 435, '0'),
(28, '', 'CLAUDIA PATRICIA BOLIVAR CARREÑO', '2019-10-01 00:00:00', '', '934242463', 435, 35, 40, '1', 435, '0'),
(29, '', 'CLAUDIA PATRICIA GALLO CIFUENTES', '2019-10-01 00:00:00', '', '930472305', 435, 35, 40, '3', 435, '0'),
(30, '', 'CLAUDIA PILAR VANEGAS ORTIZ', '2019-10-01 00:00:00', '', '945611074', 435, 35, 40, '3', 435, '0'),
(31, '', 'CONSTANZA AGUDELO FORERO', '2019-10-01 00:00:00', '', '921185456', 435, 35, 40, '1', 435, '0'),
(32, '', 'CONSUELO GUERRERO CALDERON', '2019-10-01 00:00:00', '', '907111468', 435, 35, 40, '5', 435, '0'),
(33, '', 'CONSUELO REYES SUAREZ', '2019-10-01 00:00:00', '', '917871262', 435, 35, 40, '4', 435, '0'),
(34, '', 'CRYSHNA CONSUELO MOSCOSO PEÑA', '2019-10-01 00:00:00', '', '983448226', 435, 35, 40, '2', 435, '0'),
(35, '', 'DIANA CAROLINA PALACIOS ZAQUE', '2019-10-01 00:00:00', '', '920093630', 435, 35, 40, '3', 435, '0'),
(36, '', 'DIANA MARCELA HERRERA HERRERA', '2019-10-01 00:00:00', '', '929467395', 435, 35, 40, '6', 435, '0'),
(37, '', 'DIANA MILENA SABOGAL RAMIREZ', '2019-10-01 00:00:00', '', '902086159', 435, 35, 40, '3', 435, '0'),
(38, '', 'DIANA PATRICIA AVILA SAENZ', '2019-10-01 00:00:00', '', '915273104', 435, 35, 40, '2', 435, '0'),
(39, '', 'DIANA PATRICIA BENAVIDEZ SOLORZA', '2019-10-01 00:00:00', '', '933218886', 435, 35, 40, '6', 435, '0'),
(40, '', 'DIEGO ANDRES VALERO GARAY', '2019-10-01 00:00:00', '', '921819622', 435, 35, 40, '6', 435, '0'),
(41, '', 'DOLLY JANETH PRADA GUZMAN', '2019-10-01 00:00:00', '', '990272854', 435, 35, 40, '2', 435, '0'),
(42, '', 'ELIZABETH CARDENAS MARTINEZ', '2019-10-01 00:00:00', '', '919130228', 435, 35, 40, '5', 435, '0'),
(43, '', 'ELIZABETH JAIMES SANCHEZ', '2019-10-01 00:00:00', '', '931376911', 435, 35, 40, '1', 435, '0'),
(44, '', 'ELKIN RONALD PUCHE VEGA', '2019-10-01 00:00:00', '', '904773369', 435, 35, 40, '6', 435, '0'),
(45, '', 'ERLEY CAMACHO MENDOZA', '2019-10-01 00:00:00', '', '965862792', 435, 35, 40, '5', 435, '0'),
(46, '', 'ERIKA YINETH VILLALBA OLAYA', '2019-10-01 00:00:00', '', '960363872', 435, 35, 40, '3', 435, '0'),
(47, '', 'ERIKA ANDREA VANEGAS HERRERA', '2019-10-01 00:00:00', '', '953365854', 435, 35, 40, '5', 435, '0'),
(48, '', 'FABIAN RICO RODRIGUEZ', '2019-10-01 00:00:00', '', '956874784', 435, 35, 40, '6', 435, '0'),
(49, '', 'FANNY ESMERALDA PAEZ GONZALEZ', '2019-10-01 00:00:00', '', '913424362', 435, 35, 40, '2', 435, '0'),
(50, '', 'FERMIN ARIZA IGLESIAS', '2019-10-01 00:00:00', '', '954973970', 435, 35, 40, '3', 435, '0'),
(51, '', 'FRANCE JURANNI CENDALES LADINO', '2019-10-01 00:00:00', '', '971220294', 435, 35, 40, '1', 435, '0'),
(52, '', 'GABY ELENITH MANZANO URIBE', '2019-10-01 00:00:00', '', '985813124', 435, 35, 40, '1', 435, '0'),
(53, '', 'GILMA ESPINOSA DIAZ', '2019-10-01 00:00:00', '', '963870532', 435, 35, 40, '6', 435, '0'),
(54, '', 'GRACIELA TORRES TORRES', '2019-10-01 00:00:00', '', '916835137', 435, 35, 40, '4', 435, '0'),
(55, '', 'GLORIA AMPARO PEREZ OSSA', '2019-10-01 00:00:00', '', '966505422', 435, 35, 40, '3', 435, '0'),
(56, '', 'GLORIA ISABEL MARTINEZ PARRA', '2019-10-01 00:00:00', '', '955069116', 435, 35, 40, '2', 435, '0'),
(57, '', 'GLORIA PATRICIA LOPEZ FIGUEROA', '2019-10-01 00:00:00', '', '930322588', 435, 35, 40, '4', 435, '0'),
(58, '', 'GLORIA ROCIO CABRERA SANCHEZ', '2019-10-01 00:00:00', '', '932032379', 435, 35, 40, '4', 435, '0'),
(59, '', 'GUSTAVO ALBERTO MENDOZA LOPEZ', '2019-10-01 00:00:00', '', '955639301', 435, 35, 40, '1', 435, '0'),
(60, '', 'GUSTAVO ADOLFO DIAZ VERA', '2019-10-01 00:00:00', '', '903747570', 435, 35, 40, '5', 435, '0'),
(61, '', 'HERMES JACOBO GARCIA GUACANEME', '2019-10-01 00:00:00', '', '990719970', 435, 35, 40, '4', 435, '0'),
(62, '', 'INGRID MAGALY GONZALEZ ROMERO', '2019-10-01 00:00:00', '', '949308740', 435, 35, 40, '4', 435, '0'),
(63, '', 'INGRID YANETH ENCISO RODRIGUEZ', '2019-10-01 00:00:00', '', '989068369', 435, 35, 40, '4', 435, '0'),
(64, '', 'ISABEL GUIOMAR ANGELINA VILLAREAL TORRES', '2019-10-01 00:00:00', '', '967547433', 435, 35, 40, '1', 435, '0'),
(65, '', 'JAVIER ORLANDO CORREDOR GARCIA', '2019-10-01 00:00:00', '', '904702997', 435, 35, 40, '4', 435, '0'),
(66, '', 'JENNY PAOLA RODRIGUEZ MORENO', '2019-10-01 00:00:00', '', '994570173', 435, 35, 40, '2', 435, '0'),
(67, '', 'JENNY TRUJILLO TOLEDO', '2019-10-01 00:00:00', '', '909262146', 435, 35, 40, '4', 435, '0'),
(68, '', 'JESUS ALVEIRO VERGEL GRECO', '2019-10-01 00:00:00', '', '979696835', 435, 35, 40, '3', 435, '0'),
(69, '', 'JOHANNA ULLOA GUARIN', '2019-10-01 00:00:00', '', '927427967', 435, 35, 40, '4', 435, '0'),
(70, '', 'JORGE HERNANDO DUEÑAS GOMEZ', '2019-10-01 00:00:00', '', '991227124', 435, 35, 40, '4', 435, '0'),
(71, '', 'JORGE HUMBERTO REINA RUEDA', '2019-10-01 00:00:00', '', '921513731', 435, 35, 40, '4', 435, '0'),
(72, '', 'JUAN DE JESUS VALENCIA AREVALO', '2019-10-01 00:00:00', '', '978475350', 435, 35, 40, '5', 435, '0'),
(73, '', 'KAREN IVETTE MANOSALVA GOMEZ', '2019-10-01 00:00:00', '', '923092899', 435, 35, 40, '5', 435, '0'),
(74, '', 'KETTY LOPEZ CONEO', '2019-10-01 00:00:00', '', '917312165', 435, 35, 40, '4', 435, '0'),
(75, '', 'KETTY LOZANO PEREA', '2019-10-01 00:00:00', '', '954880567', 435, 35, 40, '6', 435, '0'),
(76, '', 'LARISA HELENA GONZALES PATARROYO', '2019-10-01 00:00:00', '', '920985114', 435, 35, 40, '1', 435, '0'),
(77, '', 'LAURA GISELA RODRIGUEZ LEGUIZAMON', '2019-10-01 00:00:00', '', '951386805', 435, 35, 40, '4', 435, '0'),
(78, '', 'LEONARDO GARZON RAMIREZ', '2019-10-01 00:00:00', '', '913116107', 435, 35, 40, '4', 435, '0'),
(79, '', 'LEONOR MELO LOPEZ', '2019-10-01 00:00:00', '', '983222379', 435, 35, 40, '1', 435, '0'),
(80, '', 'LIBIA ROSMIRA GONZALEZ NIÑO', '2019-10-01 00:00:00', '', '936611391', 435, 35, 40, '6', 435, '0'),
(81, '', 'LILIA DE JESUS BORDA', '2019-10-01 00:00:00', '', '942956510', 435, 35, 40, '4', 435, '0'),
(82, '', 'LINA JHINET ESPITIA LEON', '2019-10-01 00:00:00', '', '974158603', 435, 35, 40, '2', 435, '0'),
(83, '', 'LINA PAOLA VARGA RIVEROS', '2019-10-01 00:00:00', '', '994327883', 435, 35, 40, '2', 435, '0'),
(84, '', 'LIGIA YANETD GUERRERO MAHECHA', '2019-10-01 00:00:00', '', '954282790', 435, 35, 40, '4', 435, '0'),
(85, '', 'LUCRECIA PINEDA VARGAS', '2019-10-01 00:00:00', '', '960691638', 435, 35, 40, '3', 435, '0'),
(86, '', 'LUZ MARINA MORALES GARCIA', '2019-10-01 00:00:00', '', '929074871', 435, 35, 40, '2', 435, '0'),
(87, '', 'LUIS ALEJANDRO VANEGAS VASQUEZ', '2019-10-01 00:00:00', '', '965180088', 435, 35, 40, '2', 435, '0'),
(88, '', 'LUIS FERNANDO TORRADO LEMUS', '2019-10-01 00:00:00', '', '945158886', 435, 35, 40, '4', 435, '0'),
(89, '', 'LUISA FERNANDA SANCHEZ', '2019-10-01 00:00:00', '', '987222267', 435, 35, 40, '6', 435, '0'),
(90, '', 'LUISA FERNANDA SANCHEZ PRADO', '2019-10-01 00:00:00', '', '930302436', 435, 35, 40, '6', 435, '0'),
(91, '', 'LUISA FERNANDA MONTENEGRO VANEGAS', '2019-10-01 00:00:00', '', '991127797', 435, 35, 40, '5', 435, '0'),
(92, '', 'LUIS FELIPE REINOSA LOPEZ', '2019-10-01 00:00:00', '', '957416928', 435, 35, 40, '3', 435, '0'),
(93, '', 'LUZ ELENA VARGAS BALAGUERA', '2019-10-01 00:00:00', '', '998228944', 435, 35, 40, '4', 435, '0'),
(94, '', 'LUZ AMANDA LEON BERNAL', '2019-10-01 00:00:00', '', '998514501', 435, 35, 40, '3', 435, '0'),
(95, '', 'LUZ MARLEN ACOSTA BAEZ', '2019-10-01 00:00:00', '', '920647927', 435, 35, 40, '5', 435, '0'),
(96, '', 'LUZ MARINA DOMINGUEZ RAMOS', '2019-10-01 00:00:00', '', '921727462', 435, 35, 40, '5', 435, '0'),
(97, '', 'LUZ ROSARIO ARENAS LOPEZ', '2019-10-01 00:00:00', '', '990384188', 435, 35, 40, '2', 435, '0'),
(98, '', 'LUZ MARITZA ROJAS PINILLA', '2019-10-01 00:00:00', '', '970836804', 435, 35, 40, '6', 435, '0'),
(99, '', 'LUZ MARINA LAGOS CAMACHO', '2019-10-01 00:00:00', '', '990712121', 435, 35, 40, '3', 435, '0'),
(100, '', 'LUZ NANCY LANZA ANGULO', '2019-10-01 00:00:00', '', '994588185', 435, 35, 40, '4', 435, '0'),
(101, '', 'MADIAN BOLIVAR SASTOQUE', '2019-10-01 00:00:00', '', '953404584', 435, 35, 40, '5', 435, '0'),
(102, '', 'MAGDA LILIANA ALAIX ACOSTA', '2019-10-01 00:00:00', '', '957841832', 435, 35, 40, '1', 435, '0'),
(103, '', 'MARCELA DE LOS ANGELES GARCIA TORRES', '2019-10-01 00:00:00', '', '934339530', 435, 35, 40, '4', 435, '0'),
(104, '', 'MARIA CONSTANZA NIÑO RODRIGUEZ', '2019-10-01 00:00:00', '', '957635261', 435, 35, 40, '2', 435, '0'),
(105, '', 'MARTHA CONSUELO GOMEZ CORREDOR', '2019-10-01 00:00:00', '', '990185352', 435, 35, 40, '3', 435, '0'),
(106, '', 'MARIA DEL PILAR BARAJAS TABIMA', '2019-10-01 00:00:00', '', '982720637', 435, 35, 40, '1', 435, '0'),
(107, '', 'MARIA DEL PILAR CASTILLO PINILLA', '2019-10-01 00:00:00', '', '913430731', 435, 35, 40, '4', 435, '0'),
(108, '', 'MARIA DEL PILAR ESPITIA MARTINEZ', '2019-10-01 00:00:00', '', '971412867', 435, 35, 40, '6', 435, '0'),
(109, '', 'MARIA DEL ROSARIO LOZANO MURILLO', '2019-10-01 00:00:00', '', '975423505', 435, 35, 40, '4', 435, '0'),
(110, '', 'MARIA ELENA LOPEZ CHAPARRO', '2019-10-01 00:00:00', '', '983137758', 435, 35, 40, '6', 435, '0'),
(111, '', 'MARIA ELENA SALGADO MORENO', '2019-10-01 00:00:00', '', '946114014', 435, 35, 40, '4', 435, '0'),
(112, '', 'MARIA LILIANA MARTINEZ RIVADENEIRA', '2019-10-01 00:00:00', '', '966751051', 435, 35, 40, '4', 435, '0'),
(113, '', 'MARIA ISABEL MENDEZ TORRES', '2019-10-01 00:00:00', '', '961275496', 435, 35, 40, '2', 435, '0'),
(114, '', 'MARY LUZ CORTES MUÑOZ', '2019-10-01 00:00:00', '', '901701302', 435, 35, 40, '1', 435, '0'),
(115, '', 'MARIBEL PATIÑO ROMERO', '2019-10-01 00:00:00', '', '978396896', 435, 35, 40, '4', 435, '0'),
(116, '', 'MARTHA ADRIANA VILLARREAL MASMELA', '2019-10-01 00:00:00', '', '944833837', 435, 35, 40, '4', 435, '0'),
(117, '', 'MARTHA CECILIA TRIVIÑO MELLIZOS', '2019-10-01 00:00:00', '', '954037132', 435, 35, 40, '2', 435, '0'),
(118, '', 'MARTHA ELVIRA ZAMBRANO BALLEN', '2019-10-01 00:00:00', '', '945714905', 435, 35, 40, '1', 435, '0'),
(119, '', 'MARTHA JEANETH AVILA MEDINA', '2019-10-01 00:00:00', '', '977455951', 435, 35, 40, '6', 435, '0'),
(120, '', 'MARTHA PATRICIA FORERO SILVA', '2019-10-01 00:00:00', '', '911863535', 435, 35, 40, '3', 435, '0'),
(121, '', 'MARTHA VILLAMIL GONZALEZ', '2019-10-01 00:00:00', '', '965384163', 435, 35, 40, '6', 435, '0'),
(122, '', 'MARTHA STELLA AGUILLON GERENAS', '2019-10-01 00:00:00', '', '945598294', 435, 35, 40, '6', 435, '0'),
(123, '', 'MIGUEL ANGEL CHAPARRO BECERRA', '2019-10-01 00:00:00', '', '940659387', 435, 35, 40, '3', 435, '0'),
(124, '', 'MIGUEL EDUARDO PEREZ MENDEZ', '2019-10-01 00:00:00', '', '982187412', 435, 35, 40, '1', 435, '0'),
(125, '', 'MICHAEL ALEXANDER MURCIA LEGUIZAMON', '2019-10-01 00:00:00', '', '943972606', 435, 35, 40, '3', 435, '0'),
(126, '', 'MILTON JOSE PERILLA BERNAL', '2019-10-01 00:00:00', '', '962186866', 435, 35, 40, '2', 435, '0'),
(127, '', 'MIRLEDIS JOHANA CERA BELEÑO', '2019-10-01 00:00:00', '', '968685282', 435, 35, 40, '4', 435, '0'),
(128, '', 'MONICA MONROY CAICEDO', '2019-10-01 00:00:00', '', '950569410', 435, 35, 40, '3', 435, '0'),
(129, '', 'MONICA ALEJANDRA RIOS CORDOBA', '2019-10-01 00:00:00', '', '989128490', 435, 35, 40, '4', 435, '0'),
(130, '', 'MONICA LOURDES CORTINA SILVA', '2019-10-01 00:00:00', '', '972612243', 435, 35, 40, '5', 435, '0'),
(131, '', 'MONICA LILIANA NAVAS CALDERON', '2019-10-01 00:00:00', '', '957389653', 435, 35, 40, '1', 435, '0'),
(132, '', 'MONICA QUINTERO PARRA', '2019-10-01 00:00:00', '', '950251079', 435, 35, 40, '1', 435, '0'),
(133, '', 'MONICA YENIFER CUELLAR RAMIREZ', '2019-10-01 00:00:00', '', '989703380', 435, 35, 40, '6', 435, '0'),
(134, '', 'NANCY MIREYA GONZALEZ TAUTIVA', '2019-10-01 00:00:00', '', '929321026', 435, 35, 40, '3', 435, '0'),
(135, '', 'NANCY MARCELA HERNANDEZ PINILLA', '2019-10-01 00:00:00', '', '964897189', 435, 35, 40, '6', 435, '0'),
(136, '', 'NATALIA ELVIRA TORRIJOS VELASQUEZ', '2019-10-01 00:00:00', '', '920599694', 435, 35, 40, '3', 435, '0'),
(137, '', 'NAYSHLEY ELVIRA ROMERO TAPIA', '2019-10-01 00:00:00', '', '981807414', 435, 35, 40, '2', 435, '0'),
(138, '', 'NESTOR ELIAS SABOGAL DIAZ', '2019-10-01 00:00:00', '', '984464165', 435, 35, 40, '3', 435, '0'),
(139, '', 'NESTOR LEONARDO PATIÑO NEIRA', '2019-10-01 00:00:00', '', '995233351', 435, 35, 40, '2', 435, '0'),
(140, '', 'NESTOR IVAN BARRIOS JARAMILLO', '2019-10-01 00:00:00', '', '987741455', 435, 35, 40, '3', 435, '0'),
(141, '', 'NIDIA LUZ ATEHORTUA GIRALDO', '2019-10-01 00:00:00', '', '976324775', 435, 35, 40, '3', 435, '0'),
(142, '', 'NORMA BEATRIZ JURADO CORTES', '2019-10-01 00:00:00', '', '914679590', 435, 35, 40, '5', 435, '0'),
(143, '', 'NORMA CONSTANZA RAMIREZ PAEZ', '2019-10-01 00:00:00', '', '983776792', 435, 35, 40, '6', 435, '0'),
(144, '', 'OLGA MERCEDES HIGUERA RODRIGUEZ', '2019-10-01 00:00:00', '', '935067164', 435, 35, 40, '3', 435, '0'),
(145, '', 'PAOLA ANDREA DIAZ TELLEZ', '2019-10-01 00:00:00', '', '918866465', 435, 35, 40, '1', 435, '0'),
(146, '', 'PAOLA ANDREA GALVIS ZAMORA', '2019-10-01 00:00:00', '', '925594706', 435, 35, 40, '4', 435, '0'),
(147, '', 'PAOLA SUSANA NIÑO AGUILAR', '2019-10-01 00:00:00', '', '933709065', 435, 35, 40, '4', 435, '0'),
(148, '', 'PAULO ANDRES TORO', '2019-10-01 00:00:00', '', '944826754', 435, 35, 40, '5', 435, '0'),
(149, '', 'PIEDAD CONSTANZA MORALES YARURO', '2019-10-01 00:00:00', '', '950334892', 435, 35, 40, '6', 435, '0'),
(150, '', 'REINALDO VALBUENA CARRERO', '2019-10-01 00:00:00', '', '980754250', 435, 35, 40, '3', 435, '0'),
(151, '', 'ROCIO MORA RODRIGUEZ', '2019-10-01 00:00:00', '', '903994078', 435, 35, 40, '2', 435, '0'),
(152, '', 'ROSA RODRIGUEZ LEON', '2019-10-01 00:00:00', '', '911140359', 435, 35, 40, '3', 435, '0'),
(153, '', 'ROSA TULIA AMEZQUITA RIPE', '2019-10-01 00:00:00', '', '954839341', 435, 35, 40, '6', 435, '0'),
(154, '', 'ROCIO LILIANA VELASQUEZ BEJARANO', '2019-10-01 00:00:00', '', '973751402', 435, 35, 40, '5', 435, '0'),
(155, '', 'RUBY JACQUELINE ALFONSO VILLAMIL', '2019-10-01 00:00:00', '', '913648230', 435, 35, 40, '5', 435, '0'),
(156, '', 'SANDRA BEATRIZ SARMIENTO BEJARANO', '2019-10-01 00:00:00', '', '919440113', 435, 35, 40, '3', 435, '0'),
(157, '', 'SANDRA MILENA SUAREZ AMAYA', '2019-10-01 00:00:00', '', '904621945', 435, 35, 40, '1', 435, '0'),
(158, '', 'SANDRA MILENA COLMENARES RINCON', '2019-10-01 00:00:00', '', '997908700', 435, 35, 40, '4', 435, '0'),
(159, '', 'SANDRA PATRICIA HERRERA SANABRIA', '2019-10-01 00:00:00', '', '977592586', 435, 35, 40, '3', 435, '0'),
(160, '', 'SANDRA CRISTINA DUEÑAS RUIZ', '2019-10-01 00:00:00', '', '993299218', 435, 35, 40, '3', 435, '0'),
(161, '', 'SANDRA PATRICIA GARZON JIMENEZ', '2019-10-01 00:00:00', '', '988674669', 435, 35, 40, '2', 435, '0'),
(162, '', 'SANDRA YUCELY  GONZALEZ HERNANDEZ', '2019-10-01 00:00:00', '', '998591924', 435, 35, 40, '3', 435, '0'),
(163, '', 'SANDRA PATRICIA MANOSALVA AGUDELO', '2019-10-01 00:00:00', '', '960006343', 435, 35, 40, '1', 435, '0'),
(164, '', 'SONIA ESPERANZA ALFONSO PEÑA', '2019-10-01 00:00:00', '', '984646687', 435, 35, 40, '6', 435, '0'),
(165, '', 'SONIA NELVY MARCELA CUBIDES CARBONELL', '2019-10-01 00:00:00', '', '918763007', 435, 35, 40, '5', 435, '0'),
(166, '', 'SONIA PATRICIA CAMARGO URREA', '2019-10-01 00:00:00', '', '999740232', 435, 35, 40, '1', 435, '0'),
(167, '', 'TANIA MARCELA MANJARRES GARCIA', '2019-10-01 00:00:00', '', '946082000', 435, 35, 40, '5', 435, '0'),
(168, '', 'TANIA JIMENA TRUJILLO PEREZ', '2019-10-01 00:00:00', '', '926645288', 435, 35, 40, '3', 435, '0'),
(169, '', 'VICTORIA EDITH SANCHEZ TORRES', '2019-10-01 00:00:00', '', '942958754', 435, 35, 40, '4', 435, '0'),
(170, '', 'VICTORIA EUGENIA CASTAÑEDA QUICENO', '2019-10-01 00:00:00', '', '915321692', 435, 35, 40, '5', 435, '0'),
(171, '', 'WILDER JAVIER RINCON', '2019-10-01 00:00:00', '', '932017924', 435, 35, 40, '3', 435, '0'),
(172, '', 'WILSON HERNANDEZ MOLANO', '2019-10-01 00:00:00', '', '973359750', 435, 35, 40, '3', 435, '0'),
(173, '', 'YADIRA XIMENA MORENO SARMIENTO', '2019-10-01 00:00:00', '', '926127053', 435, 35, 40, '4', 435, '0'),
(174, '', 'YANIRA ARIAS IZQUIERDO', '2019-10-01 00:00:00', '', '982267694', 435, 35, 40, '2', 435, '0'),
(175, '', 'YEIMI YAMILE CASTILLO ROJAS', '2019-10-01 00:00:00', '', '967970437', 435, 35, 40, '3', 435, '0'),
(176, '', 'YULIAN VIVIANA ARIZA MOSQUERA', '2019-10-01 00:00:00', '', '964290282', 435, 35, 40, '5', 435, '0'),
(177, '', 'YURY LISSETH ESPITIA VILLALVA', '2019-10-01 00:00:00', '', '919080773', 435, 35, 40, '2', 435, '0'),
(178, '', 'ZANDRA LUCIA ALFONSO PEÑA', '2019-10-01 00:00:00', '', '906035176', 435, 35, 40, '5', 435, '0'),
(179, '', 'ZULENA MORA NAVAS', '2019-10-01 00:00:00', '', '982287066', 435, 35, 40, '4', 435, '0');




-- --------------------------------------------------------

--
-- Estructura de tabla para la tabla `user`
--

CREATE TABLE `user` (
  `id` int(255) NOT NULL,
  `username` varchar(255) NOT NULL,
  `password` varchar(255) NOT NULL,
  `name` varchar(255) NOT NULL,
  `emailid` varchar(255) NOT NULL,
  `lastlogin` datetime NOT NULL
) ENGINE=InnoDB DEFAULT CHARSET=latin1;

--
-- Volcado de datos para la tabla `user`
--

INSERT INTO `user` (`id`, `username`, `password`, `name`, `emailid`, `lastlogin`) VALUES
(1, 'admin', '21232f297a57a5a743894a0e4a801fc3', 'Lewa', 'lewa@gmail.com', '0000-00-00 00:00:00');

--
-- Índices para tablas volcadas
--

--
-- Indices de la tabla `branch`
--
ALTER TABLE `branch`
  ADD PRIMARY KEY (`id`);

--
-- Indices de la tabla `fees_transaction`
--
ALTER TABLE `fees_transaction`
  ADD PRIMARY KEY (`id`);

--
-- Indices de la tabla `student`
--
ALTER TABLE `student`
  ADD PRIMARY KEY (`id`);

--
-- Indices de la tabla `user`
--
ALTER TABLE `user`
  ADD PRIMARY KEY (`id`);

--
-- AUTO_INCREMENT de las tablas volcadas
--

--
-- AUTO_INCREMENT de la tabla `branch`
--
ALTER TABLE `branch`
  MODIFY `id` int(255) NOT NULL AUTO_INCREMENT, AUTO_INCREMENT=10;

--
-- AUTO_INCREMENT de la tabla `fees_transaction`
--
ALTER TABLE `fees_transaction`
  MODIFY `id` int(255) NOT NULL AUTO_INCREMENT, AUTO_INCREMENT=4;

--
-- AUTO_INCREMENT de la tabla `student`
--
ALTER TABLE `student`
  MODIFY `id` int(255) NOT NULL AUTO_INCREMENT, AUTO_INCREMENT=4;

--
-- AUTO_INCREMENT de la tabla `user`
--
ALTER TABLE `user`
  MODIFY `id` int(255) NOT NULL AUTO_INCREMENT, AUTO_INCREMENT=2;
COMMIT;

/*!40101 SET CHARACTER_SET_CLIENT=@OLD_CHARACTER_SET_CLIENT */;
/*!40101 SET CHARACTER_SET_RESULTS=@OLD_CHARACTER_SET_RESULTS */;
/*!40101 SET COLLATION_CONNECTION=@OLD_COLLATION_CONNECTION */;
